<?xml version="1.0" encoding="utf-8"?>
<odoo>
    <!-- Big boxes snippet template -->
    <template id="a_color_blocks" name="Big Boxes">
        <section class="a_color_blocks">
            <div class="container-fluid">
                <div class="row">
                    <div class="col-lg-6 o_cc o_cc3 text-center block_007">
                        <i class="fa fa-shield fa-5x m-3 a_icon_007"/>
                        <h2 class="head_007">A color block</h2>
                        <p class="p_007">Color blocks are a simple and effective way to <b>present and highlight your
                            content</b>. Choose an image or a color for the background. You can even resize and
                            duplicate the blocks to create your own layout. Add images or icons to customize the blocks.
                        </p>
                        <a href="#" class="btn btn-primary mb-2 btn007">More Details</a>
                    </div>
                    <div class="col-lg-6 o_cc o_cc5 text-center block_007">
                        <i class="fa fa-cube fa-5x m-3 a_icon_007"/>
                        <h2 class="head_007">Another color block</h2>
                        <p class="p_007">Color blocks are a simple and effective way to <b>present and highlight your
                            content</b>. Choose an image or a color for the background. You can even resize and
                            duplicate the blocks to create your own layout. Add images or icons to customize the blocks.
                        </p>
                        <a href="#" class="btn btn-primary mb-2 btn007">More Details</a>
                    </div>
                </div>
            </div>
        </section>
    </template>
</odoo>