<?xml version="1.0" encoding="utf-8"?>
<odoo>
    <!-- Features 06 snippet template -->
    <template id="a_features_06" name="Features 06">
        <section class="a_features_06 o_spc-small o_masonry o_cc2 pt24 pb24" style="overflow: hidden;">
            <div class="container">
                <h1 class="text-center">
                    <font style="font-size: 42px;">Your Title Here</font>
                </h1>
                <p style="text-align: center;">Tell what's the value for the customer for this feature.</p>
                <div class="row o_snippet_009">
                    <div class="col  pb32 text-center o_box_009">
                        <div class="corner009">
                            <div class="corner009-triangle"/>
                        </div>
                        <i class="fa fa-2x fa-gear rounded-circle bg-o-color-5 m-3 a_snippet_009"/>
                        <div>
                            <h4>First Feature</h4>
                        </div>
                        <div class="line bg-o-color-5"/>
                        <p class="p_009">Tell what's the value for the<br/>customer for this feature.
                        </p>
                    </div>
                    <div class="col pb32 text-center o_box_009">
                        <div class="corner009">
                            <div class="corner009-triangle"/>
                        </div>
                        <i class="fa fa-2x fa-photo rounded-circle bg-o-color-5 m-3 a_snippet_009"/>
                        <div>
                            <h4>Second Feature</h4>
                        </div>
                        <div class="line bg-o-color-5"/>
                        <p class="p_009">Write what the customer would like to know,<br/>not what you want to show.
                        </p>
                    </div>
                    <div class="col pb32 text-center o_box_009">
                        <div class="corner009">
                            <div class="corner009-triangle"/>
                        </div>
                        <i class="fa fa-2x fa-leaf rounded-circle bg-o-color-5 m-3 a_snippet_009"/>
                        <div>
                            <h4>Third Feature</h4>
                        </div>
                        <div class="line bg-o-color-5"/>
                        <p class="p_009">A small explanation of this great<br/>feature, in clear words.
                        </p>
                    </div>
                    <div class="col pb32 text-center o_box_009">
                        <div class="corner009">
                            <div class="corner009-triangle"/>
                        </div>
                        <i class="fa fa-2x fa-rocket rounded-circle bg-o-color-5 m-3 a_snippet_009"/>
                        <div>
                            <h4>Fourth Feature</h4>
                        </div>
                        <div class="line bg-o-color-5"/>
                        <p class="p_009">A small explanation of this great<br/>feature, in clear words.
                        </p>
                    </div>
                </div>
            </div>
        </section>
    </template>
</odoo>