<?xml version="1.0" encoding="utf-8"?>
<odoo>
    <!-- Features 05 snippet template -->
    <template id="a_features_05" name="Features 05">
        <section class="pt32 pb32">
            <div class="container">
                <h1 class="text-center">
                    <font style="font-size: 42px;margin-bottom: 25px;">Your Title</font>
                </h1>
                <p class="p_008">Tell what's the value for the customer for this feature.</p>
                <div class="row o_snippet_008">
                    <div class="col-lg-4 pt32 pb32  bg-primary text-center o_box_008">
                        <i class="fa fa-3x fa-gear rounded bg-primary a_snippet_008"/>
                        <h3>First Feature</h3>
                        <p>Tell what's the value for the<br/>customer for this feature.
                        </p>
                    </div>
                    <div class="col-lg-4 pt32 pb32 bg-o-color-5 text-center o_box_008">
                        <i class="fa fa-3x fa-photo rounded bg-o-color-5 a_snippet_008"/>
                        <h3>Second Feature</h3>
                        <p>Write what the customer would like to know,<br/>not what you want to show.
                        </p>
                    </div>
                    <div class="col-lg-4 pt32 pb32 bg-secondary text-center o_box_008">
                        <i class="fa fa-3x fa-leaf rounded bg-secondary a_snippet_008"/>
                        <h3>Third Feature</h3>
                        <p>A small explanation of this great<br/>feature, in clear words.
                        </p>
                    </div>
                </div>
            </div>
        </section>
    </template>
</odoo>