<?xml version="1.0" encoding="utf-8"?>
<odoo>
    <!-- Numbers snippet template -->
    <template id="a_numbers" name="Numbers">
        <section class="a_numbers o_cc o_cc2 pt24 pb24">
            <div class="container">
                <div class="row">
                    <div id="a_number" class="col-lg-3 text-center pt24 pb24 a_number1">
                        <span class="display-4">12</span>
                        <br/>
                        <h6>Useful apps</h6>
                    </div>
                    <div id="a_number" class="col-lg-3 text-center pt24 pb24 a_number2">
                        <span class="display-4">45</span>
                        <br/>
                        <h6>Beautiful snippets</h6>
                    </div>
                    <div id="a_number" class="col-lg-3 text-center pt24 pb24 a_number3">
                        <span class="display-4">8</span>
                        <br/>
                        <h6>Colorful Designs</h6>
                    </div>
                    <div id="a_number" class="col-lg-3 text-center pt24 pb24 a_number4">
                        <span class="display-4">37</span>
                        <br/>
                        <h6>Outstanding Pictures</h6>
                    </div>
                </div>
            </div>
        </section>
    </template>
</odoo>