<?xml version="1.0" encoding="utf-8"?>
<odoo>
    <!-- Items snippet template -->
    <template id="a_product_list" name="Items">
        <t t-set="url" value="url or '#'"/>
        <section class="s_product_list">
            <div class="container-fluid">
                <div class="row">
                    <div class="col-lg-2 col-md-4 col-6 a_item">
                        <a t-att-href="url">
                            <img src="/web/image/website.s_product_list_default_image_1" alt=""
                                 class="img img-fluid a_img_list"/>
                        </a>
                        <div class="s_product_list_item_link">
                            <a t-att-href="url" class="btn btn-primary a_product_btn">Furniture</a>
                        </div>
                    </div>
                    <div class="col-lg-2 col-md-4 col-6 a_item">
                        <a t-att-href="url">
                            <img src="/web/image/website.s_product_list_default_image_2" alt=""
                                 class="img img-fluid a_img_list"/>
                        </a>
                        <div class="s_product_list_item_link">
                            <a t-att-href="url" class="btn btn-primary a_product_btn">Clothes</a>
                        </div>
                    </div>
                    <div class="col-lg-2 col-md-4 col-6 a_item">
                        <a t-att-href="url">
                            <img src="/web/image/website.s_product_list_default_image_3" alt=""
                                 class="img img-fluid a_img_list"/>
                        </a>
                        <div class="s_product_list_item_link">
                            <a t-att-href="url" class="btn btn-primary a_product_btn">Books</a>
                        </div>
                    </div>
                    <div class="col-lg-2 col-md-4 col-6 a_item">
                        <a t-att-href="url">
                            <img src="/web/image/website.s_product_list_default_image_4" alt=""
                                 class="img img-fluid a_img_list"/>
                        </a>
                        <div class="s_product_list_item_link">
                            <a t-att-href="url" class="btn btn-primary a_product_btn">Essential oils</a>
                        </div>
                    </div>
                    <div class="col-lg-2 col-md-4 col-6 a_item">
                        <a t-att-href="url">
                            <img src="/web/image/website.s_product_list_default_image_5" alt=""
                                 class="img img-fluid a_img_list"/>
                        </a>
                        <div class="s_product_list_item_link">
                            <a t-att-href="url" class="btn btn-primary a_product_btn">Service</a>
                        </div>
                    </div>
                    <div class="col-lg-2 col-md-4 col-6 a_item">
                        <a t-att-href="url">
                            <img src="/web/image/website.s_product_list_default_image_6" alt=""
                                 class="img img-fluid a_img_list"/>
                        </a>
                        <div class="s_product_list_item_link">
                            <a t-att-href="url" class="btn btn-primary a_product_btn">Multimedia</a>
                        </div>
                    </div>
                </div>
            </div>
        </section>
    </template>
</odoo>